timestamp_utc,filesystem,mount,size_bytes,used_bytes,avail_bytes,use_percent
2026-10-04T19:39:46Z,sdz/ember,/vol/storage/ember,100000000376832,29861825478656,70138174898176,30
2026-10-05T11:26:58Z,sdz/ember,/vol/storage/ember,100000000376832,29861708038144,70138292338688,30
2026-10-05T13:29:25Z,sdz/ember,/vol/storage/ember,100000000376832,29861825478656,70138174898176,30
2026-10-05T15:27:44Z,sdz/ember,/vol/storage/ember,100000000376832,29861833867264,70138166509568,30
2026-10-05T18:22:29Z,sdz/ember,/vol/storage/ember,100000000376832,29941190098944,70058810277888,30
2026-10-06T05:56:32Z,sdz/ember,/vol/storage/ember,100000000376832,30083309895680,69916690481152,31
2026-10-06T14:49:41Z,sdz/ember,/vol/storage/ember,99999991988224,30083309895680,69916682092544,31
2026-10-07T12:14:13Z,sdz/ember,/vol/storage/ember,100000000376832,30083561553920,69916438822912,31
2026-10-07T12:18:33Z,sdz/ember,/vol/storage/ember,100000000376832,30083746103296,69916254273536,31
2026-10-09T04:08:06Z,sdz/ember,/vol/storage/ember,100000000376832,30084400414720,69915599962112,31
2026-10-09T05:50:11Z,sdz/ember,/vol/storage/ember,100000000376832,30084400414720,69915599962112,31
2026-10-10T05:33:26Z,sdz/ember,/vol/storage/ember,100000000376832,30084400414720,69915599962112,31
